F_BUS;T_BUS;FLUJO
1;2;10.000079700760766
1;3;10.000076610795611
2;3;20.00172411469402
