BUS;PGEN;QGEN
1;1.3877787807814457e-15;-0.0008421331948227362
2;30.000040364434472;0.3909578424694537
3;69.99995963556553;0.17080329102561292
